,Species,Carbon source,model,RSS,RMSD,bic,aic,weighted_bic,weighted_aic,y0,K,r,nu,q0,v,has_lag,has_nu,max_growth_rate,min_doubling_time,lag,Binary growth evaluation,Yield
0,At,Acetate,Model(BaranyiRoberts),0.3223443935298584,0.027703549434351687,-2976.1620496141786,-3000.403577881843,0.9456391296367946,0.9924328572081096,0.051560246264765075,1.0375026699230128,0.8251450700421648,0.10000000042751733,0.05172128554877764,0.1676234136139101,True,True,0.09560096472390284,7.355897564230897,20.27666843639498,1,0.9437333333333335
1,At,Adenosine,Model(LogisticLag2),0.006107609084991252,0.003671863390918852,-5049.413284273806,-5069.992744901221,0.8354208399318432,0.5378855771751396,0.0503998261239762,0.21117528030531574,0.019035933675395765,1.0,0.033518560870119396,0.4054521466417902,True,False,0.013571631285375647,58.40917306195084,14.478764249869117,1,0.06109999999999998
2,At,Citrate,,,,,,,,,,,,,,,,,,,0,0.013466666666666648
3,At,Cysteine,Model(Logistic),0.6973470959158314,0.05846681210083604,-1142.478408117904,-1152.4327680994368,0.9303052945736375,0.6652409893407034,0.012424208398255754,0.4396555257278114,0.83894874892702,1.0,0.0,0.0,False,False,0.7695667692979087,0.8505032810588365,1.8235884639391013,1,0.5105666666666666
4,At,D-arabinose,Model(BaranyiRoberts),0.5024175476295822,0.039378565785223564,-2061.2933287553506,-2083.9777898501047,0.9203294745746443,0.9968673746352748,0.05064039444199109,1.385083913893059,0.20524021010872098,0.5677333879344918,0.00010000000565746348,1.019883442985089,True,True,0.14496662582535375,4.485332554776999,16.196442635256503,1,1.2653
5,At,D-glucose,Model(Richards),0.4573671692131191,0.040707830016904784,-1744.6552179108642,-1759.1368213737328,0.9400121020190402,0.665241022922457,0.02105152893826623,1.386136177477762,1.067847075920369,0.10000000029354275,0.0,0.0,False,True,0.23901408109004488,2.025414303192081,5.526756639433686,1,1.321533333333333
6,At,D-xylose,Model(Richards),0.5158427521956532,0.040275886327717066,-2019.785284785882,-2034.8334903170025,0.9440892774843465,0.6652409884446119,0.019773686814614555,1.356050045555617,1.0806990604236768,0.10000000049413174,0.0,0.0,False,True,0.24223730651219294,2.015487709932154,5.553862554918776,1,1.3303333333333331
7,At,Formate,Model(BaranyiRoberts),0.011949460626485352,0.005136000416590434,-4739.266099370369,-4763.961452123268,0.940450245370021,0.9919778366286778,0.046991153211367376,0.18735809398090808,1.189977528378616,0.10000000000047977,0.00010000000009435794,0.3787444967777789,True,True,0.07796381108127952,9.97414080747414,23.17120100317638,1,0.14196666666666669
8,At,Fumarate,Model(Richards),0.02534738961145671,0.012508611752387032,-1399.20310452769,-1411.5534898686194,0.9218796734184735,0.6652409464940539,0.018270612153033827,0.7244729029179651,0.8718067638687091,0.2743274621247633,0.0,0.0,False,True,0.4182850208339777,1.3236430875319765,2.6895187119245185,1,0.6776333333333334
9,At,Glutarate,Model(Richards),0.16544282956940976,0.019110624252346397,-3561.0412661256414,-3577.5048346275735,0.9531146893281796,0.6652406796634609,0.0223340488976016,0.6123631859520302,0.6039937351757346,0.10000000573508976,0.0,0.0,False,True,0.12881932923513897,4.458138694249806,6.127536212371545,1,0.5529999999999999
10,At,Glycerol,Model(Richards),0.7316436768519423,0.04471047348760893,-2251.1142356397913,-2266.7247689733967,0.9478645289936711,0.6652409388336582,0.015789804895213644,1.3205618983309193,0.847063201209055,0.10000000001304273,0.0,0.0,False,True,0.1908300027711974,2.4418863307752194,7.673844415348667,1,1.2713
11,At,Glycine,,,,,,,,,,,,,,,,,,,0,0.0
12,At,Inosine,Model(LogisticLag1),0.05226540899521193,0.010741330401648454,-4083.029061086503,-4099.492629588435,0.7571968150787962,0.23261920425741836,0.048150743784338035,0.2541700429694096,0.08586983022070757,1.0,0.02402123817852675,0.0,True,False,0.034124121094629284,21.535076743410073,39.922502680980216,1,0.15273333333333336
13,At,L-alanine,Model(Richards),0.17988318414973498,0.021643608572892863,-2919.9760544177184,-2935.7786246280693,0.9490950667566346,0.6652409037142588,0.01960853736056012,0.8548550860852056,0.19157996302337493,0.5303137803263922,0.0,0.0,False,True,0.13313799357413883,4.3554109665220775,10.193894957739827,1,0.8133
14,At,L-arginine,Model(Logistic),0.08169371497843231,0.016028052744327503,-2611.565655759143,-2622.851809907483,0.4115479648215672,0.006139168695248128,0.03434324113009968,0.9998135258518193,0.13807552267799786,1.0,0.0,0.0,False,False,0.1196818036364242,5.303915026137248,10.65052587103262,1,0.9247333333333333
15,At,L-aspartate,Model(Richards),0.06353423454890844,0.018481934589672344,-1463.7347034544523,-1476.6376901493052,0.7686904636245646,0.6335712141759694,0.03985064727478593,0.828020025730132,0.19919389733267953,1.3500613803441677,0.0,0.0,False,True,0.18387164795604907,3.566969747525303,6.062008387117265,1,0.7804333333333334
16,At,L-glutamate,Model(BaranyiRoberts),0.19515971011227062,0.029649583357924548,-1529.7123350157783,-1550.128399307012,0.9906088770644157,0.999686808173429,0.044719458779304944,1.178763643770618,1.3056629600872296,0.10000004819900339,0.06174207868846171,0.437493755751732,True,True,0.20475933897783835,3.4431514848181504,9.150297750096444,1,1.0388666666666668
17,At,L-glutamine,Model(Richards),0.08157564624493491,0.01891528276624242,-1787.5926101778182,-1801.3099926936359,0.9340446783987104,0.6652409169335057,0.021367069462620236,1.0881018939155556,1.3805738927314297,0.10000000001487276,0.0,0.0,False,True,0.30635511931717546,1.6730619508397286,3.7983521541635508,1,1.0299333333333331
18,At,L-histidine,Model(Richards),0.10915455962644019,0.019674168507887144,-2193.077464981569,-2207.6450932653215,0.9368627081958967,0.6022411330496028,0.039533579575365296,0.9262328193306981,0.09908458217039401,2.4423602291491395,0.0,0.0,False,True,0.09759119816880883,7.007938494049605,14.883340953157656,1,0.8754333333333334
19,At,L-isoleucine,,,,,,,,,,,,,,,,,,,0,0.009899999999999992
20,At,L-lactate,Model(RichardsLag1),0.14809991862676003,0.025157615848030872,-1696.1776724915287,-1713.4542780683173,0.7773828746205952,0.5479590903485996,0.04389062383951026,1.0650053671937247,1.2109884580964392,0.10000000035873764,0.03397033913670433,0.0,True,True,0.245866845050451,2.8488349460571682,5.617750826130763,1,0.9819333333333333
21,At,L-leucine,Model(LogisticLag1),0.020688058576207823,0.006757884541739928,-4502.859541714562,-4519.323110216494,0.8778856281333784,0.4397075025197527,0.054406239377799315,0.11421608533855099,0.10436287193087113,1.0,0.008246834490036159,0.0,True,False,0.019220279419999497,73.59706929151373,34.07174160981211,1,0.05899999999999996
22,At,Malate,Model(Richards),0.06847819554700602,0.01610549919576291,-2157.5940997761913,-2171.8978961887765,0.9386730583665698,0.6652408462137775,0.037448082807641114,0.7558499111114758,1.434122711115608,0.10000000369259249,0.0,0.0,False,True,0.29734636920193264,2.0694166388610835,2.036081493343023,1,0.7232999999999999
23,At,Mannitol,Model(Richards),0.08473325690648624,0.02038036070541382,-1567.1464093851775,-1580.4188893605544,0.9303052778743813,0.6652409448245791,0.004119455580286813,0.9989141225823233,1.8479002159585785,0.1000000000000088,0.0,0.0,False,True,0.4258181051959458,0.9185435435435436,4.850353926399463,1,0.9411333333333333
24,At,Mannose,Model(RichardsLag1),0.39039145089436295,0.039359527743406425,-1602.8015260130444,-1620.4486714506015,0.9043876313637141,0.6293745648289024,0.04744831331812338,1.3692147638261207,0.4645931844517243,0.26047195852693256,0.03092275646899978,0.0,True,True,0.18329737349776634,3.866588811033255,11.873526505015516,1,1.1949
25,At,Myo-inositol,Model(Richards),0.4470244245358361,0.044279040650703455,-1399.7458071096721,-1413.4631896254898,0.9340447098362017,0.6652410137211932,0.03333253971140748,1.3955810342455088,1.0878990682972414,0.10000000001689843,0.0,0.0,False,True,0.2389474858038776,2.205399844288733,4.371944945388067,1,1.2863333333333333
26,At,Orotate,Model(RichardsLag1),0.02182501974798408,0.009092333548018602,-2453.891161634754,-2471.7709071504855,0.9273033327971246,0.7219548335267046,0.05023850524760154,0.1807051778832418,1.3344391612403876,0.10000002987715545,0.00010418079935536895,0.0,True,True,0.11458146292782238,7.22094316538761,6.816216681935677,1,0.12946666666666667
27,At,Phenylalanine,,,,,,,,,,,,,,,,,,,0,0.03829999999999998
28,At,Proline,Model(RichardsLag1),0.5757039678980937,0.04425129107221779,-1804.8900910974694,-1823.3079899341628,0.714601944040798,0.653117560111285,0.04616886635871764,1.3758855525084697,0.8824717787418324,0.10000000015768262,0.015154888269695688,0.0,True,True,0.18524515593380628,3.677635969302635,9.194212662544361,1,1.22
29,At,Pyruvate,Model(BaranyiRoberts),0.249786500529185,0.028159776589187783,-2214.496793415253,-2237.0122292482065,0.9789003874130174,0.9992219409660048,0.05007596098003275,1.1276590149575083,0.16387435268388065,1.4695191207902865,0.00010000020684786115,1.4463846048786404,True,True,0.15349370261996145,4.40723223223223,14.281259376520532,1,0.9903666666666666
30,At,Ribose,Model(Richards),0.6380457683957655,0.04209927976408746,-2257.2173291249014,-2272.761745250702,0.8283278395231757,0.6444286008266666,0.04051119477253051,1.4060144129025633,0.09132829486031997,1.4310953519875609,0.0,0.0,False,True,0.08543207685394788,7.6859081303525745,18.415832000643647,1,1.3036666666666668
31,At,Sucrose,Model(RichardsLag1),0.13757604990304922,0.02676830077868936,-1363.9986920865447,-1380.2861689466836,0.5148230438301251,0.5667226079545801,0.04134489182145984,1.0850635136676445,1.5959662250900597,0.10000008674520208,0.03491761311540831,0.0,True,True,0.3279211951591428,2.113196529863196,4.356173003863895,1,1.0188333333333333
32,At,Uridine,Model(BaranyiRoberts),0.06872911304086378,0.012317463064180368,-3946.7486067970867,-3971.443959549985,0.9126950126638704,0.9879306133478392,0.050937674419217815,1.0523087558511202,0.308708338139705,0.10000000015267173,0.00010000000232146533,0.6968252136809323,True,True,0.06395165133804626,10.503072516961407,22.97251040135569,1,0.5915000000000001
33,At,No CS,,,,,,,,,,,,,,,,,,,0,0.0
34,Ct,Acetate,Model(RichardsLag1),0.08686113794946425,0.02234282753454227,-1297.0396974413204,-1312.834973937393,0.9097605787896424,0.6750657943011805,0.05043650659080501,1.3434942494373214,1.3392760075483403,0.13022438313346407,0.00010000010906052736,0.0,True,True,0.3354273673291646,2.0890890890890876,9.076544093722445,1,1.173
35,Ct,Adenosine,,,,,,,,,,,,,,,,,,,0,0.0016666666666665941
36,Ct,Citrate,Model(BaranyiRoberts),0.08104818008760618,0.011106799930652968,-5874.333741840223,-5901.259845951131,0.9999999999999718,0.9999999999999971,0.056486096526664475,0.26836014649383877,1.4538943325261258,9.999999095191521,0.00010000000023047129,0.10200995596107498,True,True,0.11612379535278534,6.86351073295517,60.838589412704614,1,0.218
37,Ct,Cysteine,Model(LogisticLag1),0.06581977129248412,0.029048979701506116,-534.6215839717952,-544.0484192785535,0.7949798545839748,0.5080564656535737,0.023419789872855423,0.11116700500163113,1.5955611227658195,1.0,0.11563689855158366,0.0,True,False,0.5707924235544543,1.1829190301412522,0.9565453911206744,1,0.13866666666666672
38,Ct,D-arabinose,,,,,,,,,,,,,,,,,,,0,0.006666666666666626
39,Ct,D-glucose,,,,,,,,,,,,,,,,,,,0,0.013333333333333343
40,Ct,D-xylose,,,,,,,,,,,,,,,,,,,0,0.011000000000000003
41,Ct,Formate,,,,,,,,,,,,,,,,,,,0,0.007333333333333289
42,Ct,Fumarate,Model(Logistic),1.6456079753165231,0.07721624010953958,-1396.8911023416667,-1407.7523049388183,0.7684441677704648,0.2882142069190719,0.007203225462149243,0.9496944960145275,0.6732345852731885,1.0,0.0,0.0,False,False,0.6133458938349176,1.0587392948504057,4.195076575005849,1,0.9973333333333333
43,Ct,Glutarate,Model(Logistic),0.10726343451465864,0.021981096968529658,-1678.7941239663432,-1689.0021561119602,0.6566395844962344,0.1958914474269186,0.03410373799820454,1.2806279373848748,0.15955082800652146,1.0,0.0,0.0,False,False,0.13895317416120392,4.516822377933489,10.656037093097435,1,1.098666666666667
44,Ct,Glycerol,,,,,,,,,,,,,,,,,,,0,0.010000000000000002
45,Ct,Glycine,Model(RichardsLag1),0.13143155106268148,0.017689891589123884,-3358.998721771473,-3379.19999532786,0.7494387043096307,0.37246014651417175,0.0481116531798802,0.6322280918272303,0.2717323281370548,0.7730719345822605,0.00010000000005194742,0.0,True,True,0.14038490237607373,5.044044044044043,36.06629567707369,1,0.5876666666666667
46,Ct,Inosine,,,,,,,,,,,,,,,,,,,0,0.0036666666666666653
47,Ct,L-alanine,Model(LogisticLag1),0.003993366979832143,0.002969070502098017,-5248.009173188807,-5264.472741690739,0.8517194475465131,0.339169830131452,0.04992558523337065,0.1722254179627043,0.08600161859541793,1.0,0.017322999752990897,0.0,True,False,0.02603157593962392,29.846860749638523,38.659042663306515,1,0.09733333333333333
48,Ct,L-arginine,,,,,,,,,,,,,,,,,,,0,0.008333333333333297
49,Ct,L-aspartate,Model(LogisticLag1),0.2558171879713914,0.04505879650667659,-761.8012097330371,-773.1463373608431,0.6128513056916509,0.25134941805583355,0.03612257480889269,1.0030624951040579,0.5513150921449613,1.0,0.07563507150221649,0.0,True,False,0.38477045005733473,1.8486264041819584,7.133828383274907,1,1.0386666666666666
50,Ct,L-glutamate,Model(RichardsLag1),0.11131375325365758,0.029722760405792387,-861.8108205901773,-875.9922301249346,0.8922638008574046,0.667302362240694,0.046946743263529545,1.3950301083620398,2.4871599807110374,0.11304903496888435,0.00010000000185428348,0.0,True,True,0.5689455394645199,1.1974057390724058,5.09089546709066,1,1.3490000000000002
51,Ct,L-glutamine,Model(Richards),0.1178289675117983,0.028605186921814244,-1003.7209052106148,-1015.6001584089188,0.917197444732167,0.665240938853926,0.007278000382636929,1.4825035383132714,1.8073541493703886,0.10000000016115804,0.0,0.0,False,True,0.41596780802759664,0.9844149705260816,4.735938445415959,1,1.341
52,Ct,L-histidine,Model(LogisticLag2),0.07296788053074944,0.01743653737256309,-1916.206769558586,-1933.609964175296,0.889018309828957,0.5843124919714592,0.05049293764574969,1.0486992203398493,0.2573512123725492,1.0,0.00010000000102916573,0.6835930410082913,True,False,0.2118465362489817,3.3221693916138335,17.982619187015047,1,1.0046666666666666
53,Ct,L-isoleucine,Model(LogisticLag2),0.29559767581576785,0.025544735283362388,-3292.016118716064,-3312.595579343479,0.9302817118046266,0.6302008891473038,0.04872596375437044,1.1136388663789984,7.999981139732055,1.0,0.0010636663103322785,0.04604796406376899,True,False,0.0787773307362218,8.9918390612835,51.32066238183273,1,0.998
54,Ct,L-lactate,Model(BaranyiRoberts),0.10931699295835837,0.027552600320714635,-1004.5787285536883,-1022.3976083511443,0.6265752976379664,0.8810550517892219,0.04764219438585693,1.320717496112603,0.6089217919532669,0.5586628729928267,0.0001000000001354362,1.3970336559115186,True,True,0.41501048390746914,1.6807084862640407,8.985932463863394,1,1.2753333333333334
55,Ct,L-leucine,Model(RichardsLag1),0.12556989266528032,0.02066660297323521,-2252.5730247187867,-2270.99092355548,0.870537505226501,0.5159769927985841,0.05521803170888351,1.3180107984218437,0.5882203570725324,0.20234674927853055,0.0001467816355233964,0.0,True,True,0.1911793082024079,3.726671115560002,18.46512131998409,1,1.1926666666666668
56,Ct,Malate,Model(Richards),0.19211109134276289,0.033227800587083085,-1164.0839772616764,-1176.7201984585345,0.9245930283163336,0.665240949589398,0.0011748126499298017,0.9748361232215654,3.6436680787040543,0.10000000132082006,0.0,0.0,False,True,0.8636455588959316,0.4062117673228784,3.130383004169723,1,0.9690000000000002
57,Ct,Mannitol,,,,,,,,,,,,,,,,,,,0,0.007333333333333331
58,Ct,Mannose,,,,,,,,,,,,,,,,,,,0,0.009000000000000022
59,Ct,Myo-inositol,,,,,,,,,,,,,,,,,,,0,0.014999999999999993
60,Ct,Orotate,Model(RichardsLag1),0.005308572413278743,0.003423259104869229,-5112.929517071288,-5133.508977698702,0.8067732029297745,0.34778992333603975,0.05211901620859649,0.10639822795601073,0.04556505380909816,6.979493759738872,0.05998034634675409,0.0,True,True,0.015879463219380864,74.73049438327216,32.426006104677654,1,0.05566666666666666
61,Ct,Phenylalanine,Model(RichardsLag1),0.10527973227587223,0.016305149793471883,-3230.18216093526,-3250.0892319915324,0.549410099574839,0.14277633405894333,0.05562004345858451,1.136712834631054,0.5256758263133332,0.12430208967786817,0.00010000000038590251,0.0,True,True,0.12039825916968347,5.944694694694693,22.31841505419596,1,0.9319999999999999
62,Ct,Proline,Model(RichardsLag1),0.03682266670050844,0.010863763971563205,-2793.214182965291,-2811.9291989043386,0.7995487257297044,0.38035886333660107,0.05255162421716042,1.3233559228260556,0.5367512791185408,0.3243258235428836,0.0004950704408384077,0.0,True,True,0.22785956673679272,3.0702508063619156,17.203108078017692,1,1.2593333333333332
63,Ct,Pyruvate,Model(BaranyiRoberts),0.6621647490861118,0.039150846364193276,-2763.2373643453957,-2787.6479178748605,0.9996448965920698,0.9999535440313932,0.04642156865958125,0.9173427142641979,2.0218882400699436,0.10000000195078004,0.00010000000046139768,0.7255740511659792,True,True,0.29339017508509513,2.399552330107884,14.022410977795802,1,0.8974666666666666
64,Ct,Ribose,,,,,,,,,,,,,,,,,,,0,0.002999999999999968
65,Ct,Sucrose,,,,,,,,,,,,,,,,,,,0,0.006999999999999992
66,Ct,Uridine,,,,,,,,,,,,,,,,,,,0,0.027666666666666666
67,Ct,No CS,,,,,,,,,,,,,,,,,,,0,0.004333333333333328
68,Ml,Acetate,Model(RichardsLag1),0.4606217340350335,0.03971739784906357,-1855.5803483063548,-1873.9641173176963,0.592762590972548,0.20234884866717376,0.08745385668544303,0.8649025910743795,0.1975336014785727,0.39233574532771787,0.00517832753222125,0.0,True,True,0.06908211070698095,10.374402179957734,29.23365886885605,1,0.8055500000000001
69,Ml,Adenosine,Model(BaranyiRoberts),0.21816608397107706,0.02231806627209774,-3294.37297937435,-3318.866292836609,0.9999974070406032,0.9999996632139281,0.06437383113479189,0.6986908723439103,7.750031828765885,7.024117851728413,0.002932617910162083,0.013190119690339674,True,True,0.046085866779112916,15.561603269936604,40.88605501978377,1,0.6554333333333333
70,Ml,Citrate,Model(BaranyiRoberts),0.21031072258207067,0.027455452519563703,-1972.32902616599,-1994.116296856918,0.9891596214002626,0.9982572057893273,0.053157363827073034,0.5444678340159188,7.708857659289797,9.999999999846052,0.00794937935353457,0.03181868100756868,True,True,0.11891975842273397,6.070909798687573,15.541369911609282,1,0.5014666666666667
71,Ml,Cysteine,Model(Richards),0.5019839172138394,0.03507638433860044,-2709.7403149275906,-2725.785383625207,0.9505904280609826,0.6652391316602186,0.028440458931110912,0.382145934745888,2.455916296073441,0.10000000012734744,0.0,0.0,False,True,0.48174443876823136,1.4291374708041373,0.7762749656709759,1,0.39936666666666665
72,Ml,D-arabinose,Model(BaranyiRoberts),1.477582924889013,0.0580816407952074,-2456.520043172143,-2481.0133566344016,0.9999999918232995,0.9999999989379731,0.05521104485319128,1.2072252493517717,1.011786431086464,0.10000002791617173,0.00010000000720311597,0.2978036193036582,True,True,0.1401658014097461,5.041082749416077,33.72156023575834,1,1.1280999999999999
73,Ml,D-glucose,Model(Richards),0.23710129248526352,0.03196855219865079,-1575.766258390646,-1589.5532078773113,0.9346113743692157,0.6652412577146998,0.07460448615361015,1.0890984555188112,0.6237487782762389,0.10000000000085182,0.0,0.0,False,True,0.12360852252168648,5.398106439773106,3.4964344707775616,1,0.9498500000000002
74,Ml,D-xylose,Model(BaranyiRoberts),0.11139955131093326,0.015947942661645013,-3588.767376183862,-3613.2606896461207,0.9993476258943728,0.9999152185706079,0.041415165009560884,1.4831194277854574,0.5937815087605667,0.10000000015948078,0.00010000000093435268,0.33526863176296007,True,True,0.11764102106810097,5.917792792792792,34.845857170455396,1,1.0657666666666665
75,Ml,Formate,Model(LogisticLag2),0.008537102292225603,0.004414872718867753,-4719.94092198923,-4740.352016541113,0.6680376759630952,0.20721644534623473,0.048458929502889214,0.238875359673419,0.0572662412747669,1.0,0.0001000000024133918,0.6675590878418827,True,False,0.04130567766327991,18.41091091091091,16.933076940465277,1,0.15823333333333336
76,Ml,Fumarate,Model(Richards),0.8627289271171038,0.05716565929573718,-1488.7276188513845,-1503.0314152639698,0.4101501201049938,0.03795880076729444,0.08227807002260845,0.902058115362329,0.06137319540964529,9.999999292064885,0.0,0.0,False,True,0.061411354578213846,11.31574630185741,19.329487721583803,1,0.8565
77,Ml,Glutarate,Model(Richards),0.5122407055459782,0.04188375570069876,-1830.2416008816838,-1844.948616090757,0.9302015444464968,0.6310740432788188,0.0488743025050038,1.8726671237607284,0.21596929246784105,0.10000000540611081,0.0,0.0,False,True,0.04709576865278171,11.470289734178625,21.105307960501378,1,0.7873
78,Ml,Glycerol,Model(Richards),0.5939595002123464,0.041313196112428584,-2194.4462149472374,-2209.8550248663355,0.9464334141781755,0.6652301861209212,0.10382655658909523,1.182105545707522,0.06747474555630993,2.323522231416783,0.0,0.0,False,True,0.06585088695540157,10.389903792681569,12.539946228056092,1,1.1230000000000002
79,Ml,Glycine,Model(RichardsLag1),0.061401127981484685,0.011839984109027335,-3855.76404615116,-3876.1751407030424,0.9539069500469872,0.7289544178230709,0.057296124878435384,0.22536507805000205,0.24652144617155675,0.12339432987579982,0.0001000000027568948,0.0,True,True,0.026969946855489958,30.319555666777887,37.27688978423529,1,0.10070000000000001
80,Ml,Inosine,Model(Richards),1.411863106312454,0.06210917380547784,-2010.5161392860148,-2026.1266726196202,0.5448115359019743,0.21193238001840045,0.03439335895593265,0.9046385019454155,0.06204966996871408,4.196290573279795,0.0,0.0,False,True,0.061979060609915766,11.171629963296628,28.30443723854028,1,0.8414
81,Ml,L-alanine,Model(RichardsLag1),0.20744844041452656,0.026654077819975506,-2088.5070966853445,-2106.890865696686,0.9797057117483593,0.9963032381979214,0.04516854410701465,1.4074883916439613,0.3053203090166244,0.10000000003337756,0.07390380430495669,0.0,True,True,0.06454231405996938,10.447461350239127,21.981376774923767,1,0.7731000000000001
82,Ml,L-arginine,Model(BaranyiRoberts),0.5517689372235997,0.03549290678455839,-2887.9647188811305,-2912.4580323433893,0.8114355546178539,0.9707012697554529,0.06943723997352502,0.5907450730503243,2.035638423031029,0.10000002827885576,0.00010000000005838672,0.31252129436150944,True,True,0.14179282721890032,5.041082749416081,28.103489751830686,1,0.5899000000000001
83,Ml,L-aspartate,Model(Richards),0.029951466100335604,0.009797871645573183,-2863.396207100056,-2878.368219851294,0.9435575282661021,0.6652415538493469,0.06099004843952027,0.5393653829746872,0.05012789151410965,3.6938342659342593,0.0,0.0,False,True,0.04987042971518973,13.842147703258814,15.403002956874767,1,0.4554666666666667
84,Ml,L-glutamate,Model(Logistic),0.19221316434653118,0.023501844165016047,-2592.9141570802385,-2604.4707645195617,0.8970806284586772,0.48263887565986263,0.04648053828278198,0.7338451960351826,0.10544285065116576,1.0,0.0,0.0,False,False,0.08986013832224768,7.255519408297186,8.960035645289981,1,0.6588333333333335
85,Ml,L-glutamine,Model(Logistic),0.4179070097215082,0.037831050599437754,-1895.3507789638606,-1906.3810403706655,8.849696552721961e-06,1.0171057939122828e-06,0.10005953233551668,2.3796437200415808,0.038016809218661865,1.0,0.0,0.0,False,True,0.03299414120762637,19.433739294850408,32.727164246779694,1,0.9344
86,Ml,L-histidine,Model(BaranyiRoberts),0.07561839645759513,0.01572001726054649,-2507.1845705055994,-2529.526081117314,0.9703622266422037,0.9952762262410363,0.05977592836717793,0.5745037387631646,0.41698744920450886,1.4483147620290278,0.0138699766983712,0.1220622663045059,True,True,0.11421033149409716,6.277569235902568,26.37144760745135,1,0.5314000000000001
87,Ml,L-isoleucine,Model(LogisticLag2),0.04140813254282881,0.009723122718272475,-4028.3145430868726,-4048.725637638755,0.44131167331709054,0.42279965605122566,0.05300630782618243,0.48209940109718064,7.998924282189307,1.0,0.0005160342445467148,0.040998703532697744,True,False,0.04467946329173214,17.972555889222555,56.05720726166591,1,0.16513333333333327
88,Ml,L-lactate,Model(Richards),1.676461822727722,0.06186710279344071,-2413.374751683899,-2429.703627325405,0.9522565436627973,0.6652331682995548,0.05030969453732381,1.967459455330819,0.26026016814070585,0.10000000692158625,0.0,0.0,False,True,0.05682569172262894,9.424632966299635,17.708267075994673,1,0.9943333333333333
89,Ml,L-leucine,Model(BaranyiRoberts),0.0013160742645382164,0.002122994028648885,-3560.4173760189133,-3582.477898832523,0.9994465361461837,0.9999119165135999,0.04899310367155385,0.23966494643063818,7.915230045744568,4.987996809878825,0.0008484964216810553,0.027898006308398893,True,True,0.03501029681644822,21.69857357357357,46.38689757139009,1,0.15925000000000003
90,Ml,Malate,Model(Richards),0.2964879945663291,0.0260175561804619,-3172.1808728204837,-3188.5097484619896,0.952322043144216,0.6652409648581669,0.07992118446294372,0.6502580295228393,0.05686466467895907,7.1974335942353145,0.0,0.0,False,True,0.056886878716593085,12.200881436992548,15.226190221035655,1,0.6261333333333333
91,Ml,Mannitol,Model(Richards),0.2992013478422333,0.03038850029419599,-2240.7888081487645,-2255.9117822119338,0.9108175095281942,0.6615348031836819,0.08391989731197969,1.2377942897434349,0.08102839974085133,1.6047379371205108,0.0,0.0,False,True,0.07625179130904573,8.754504504504505,11.87318420278575,1,1.1393333333333333
92,Ml,Mannose,Model(Richards),0.643750342040704,0.04499302329008452,-1949.345420218887,-1964.3936257500077,0.9440892932764642,0.6652410381138564,0.06494889206122023,1.2379044574424458,0.6177875874423938,0.1000000000002006,0.0,0.0,False,True,0.1269976563569311,4.932640974307641,4.549737875650914,1,1.0354333333333334
93,Ml,Myo-inositol,Model(RichardsLag1),1.796681607278785,0.06404695778884707,-2376.958449755483,-2397.3695443073652,0.9466106016507223,0.6978644370595205,0.04704193571913051,1.547548677422357,0.3257749411511632,0.2207492595731899,0.00010000000475529625,0.0,True,True,0.1199700894831747,5.844733622511399,35.63564698134284,1,1.1745
94,Ml,Orotate,,,,,,,,,,,,,,,,,,,0,0.0
95,Ml,Phenylalanine,Model(BaranyiRoberts),0.017657425974075165,0.006349311610850302,-4395.548865149853,-4420.0421786121115,0.9999999999999405,0.9999999999999922,0.0559040690448096,0.30454224980901956,7.227341721300463,9.999997273733673,0.0018578633161496771,0.016163625840946994,True,True,0.03415018359022397,21.99081025469914,40.369207382828826,1,0.2544333333333334
96,Ml,Proline,Model(LogisticLag2),1.7315063308739198,0.06287456402299747,-2393.142405570111,-2413.5535001219932,0.8870893345111563,0.6810832903805587,0.07103189237972618,0.9561860261357471,0.44107718427960885,1.0,0.00010000000012855281,0.2265082415145634,True,False,0.1790370148190485,3.94519519519519,39.70593487376101,1,1.0036333333333334
97,Ml,Pyruvate,Model(BaranyiRoberts),0.02635128832900232,0.006909257642882399,-5454.400671228588,-5480.281959506251,0.8882747174669193,0.9856565144551926,0.04724578949336666,0.33154046357737954,0.6181725629562338,0.10000001481953966,0.019884291105289442,0.24872867372265728,True,True,0.06245098182952958,11.780491602713823,16.424333235891375,1,0.28440000000000004
98,Ml,Ribose,Model(RichardsLag1),2.2797713501333567,0.07214539084651071,-2272.655871219192,-2293.066965771074,0.7276479247250545,0.35912167702957354,0.04278267512187117,1.2253666045489504,0.12114348781610539,2.4603972363120596,0.03307638211609687,0.0,True,True,0.10229280586795796,6.867562006450896,41.08006843887136,1,1.2107
99,Ml,Sucrose,Model(Richards),0.17149810098322046,0.02322288105187963,-2369.9763553570397,-2385.0245608881605,0.9440892494271093,0.6652408563611568,0.05701250300208471,1.0573020154762751,0.8472163742811736,0.10000000537115822,0.0,0.0,False,True,0.17362428365486943,3.606662217773329,3.234510228102617,1,0.9983666666666666
100,Ml,Uridine,Model(BaranyiRoberts),0.017324030462551484,0.006289084270760682,-4403.89795466918,-4428.391268131439,0.9879818701095219,0.9984225350449442,0.04768696647941084,0.31117020018456043,7.896110149781542,4.499735130336264,0.0018744201915803504,0.018758684700803885,True,True,0.036622462292378526,19.872094316538764,36.52747855518533,1,0.2601333333333333
101,Ml,No CS,,,,,,,,,,,,,,,,,,,0,0.0492
102,Oa,Acetate,Model(BaranyiRoberts),0.3433699103880674,0.03566146952727403,-1766.5990755629116,-1788.1896073169019,0.9568907353148461,0.9926023096864591,0.05810246804535124,1.1497556186008795,1.4980819699422074,0.10000000000245654,0.00012791897022479404,0.6053078462778632,True,True,0.22727577628295653,3.10714881548215,16.67525037902237,1,1.1019999999999999
103,Oa,Adenosine,,,,,,,,,,,,,,,,,,,0,0.039666666666666676
104,Oa,Citrate,Model(BaranyiRoberts),0.053081310283165845,0.008186687756238093,-7571.4621186955765,-7599.509487046463,0.9999265179186918,0.9999929018990564,0.044931947842516085,0.39923847879799745,1.9104180170683358,0.10000000032700658,0.00010000000020427002,0.3007273683441014,True,True,0.13749500901994416,5.1938341118896645,29.362514013580274,1,0.3524333333333334
105,Oa,Cysteine,Model(Logistic),0.0887646342871041,0.01557325666611865,-3029.0226113536764,-3040.7305113538805,0.9006626968236592,0.4859873806537496,0.018440763407706395,0.24202262078556447,0.611478132282726,1.0,0.0,0.0,False,False,0.5284803059447758,1.2819903236569903,1.2160496176036837,1,0.236
106,Oa,D-arabinose,Model(BaranyiRoberts),0.493394664340276,0.03477500032915648,-2704.759326826741,-2728.826929873166,0.9994171554598086,0.9999215241099748,0.045205923993147934,1.065750676683759,0.8328194012472083,2.6155259863133153,0.012128861411570435,0.06216911522161461,True,True,0.1274943787811277,5.580441552663771,40.662439170488845,1,1.0376666666666667
107,Oa,D-glucose,Model(BaranyiRoberts),0.5915733648686838,0.04845114397672678,-1492.5318875093449,-1513.7084620344135,0.9988675042016489,0.9998058941525743,0.04937924862608689,1.115701910702582,2.673608563114953,0.10000000115653503,0.00010000000185850233,0.6305753632814772,True,True,0.3393150880120162,2.1014069625180714,15.529336771114501,1,1.153
108,Oa,D-xylose,Model(LogisticLag2),0.3130343938862446,0.03263039742859058,-1984.0185624592093,-2002.4364612959027,0.845490678007706,0.6448727186041985,0.05573169622538576,1.1364075382879884,0.42820761165543103,1.0,0.005166990575796726,0.2525432934126588,True,False,0.21538414725853955,3.285354799243688,21.91688869546889,1,1.1393333333333333
109,Oa,Formate,,,,,,,,,,,,,,,,,,,0,0.002999999999999989
110,Oa,Fumarate,Model(LogisticLag2),0.13510010232779862,0.02942832473949321,-1074.7995842432865,-1090.0488642795342,0.8780358855435777,0.9706578454937234,0.05127997966451314,1.0773939274042206,0.5620554037712328,1.0,0.0007553408097775716,1.5163430852737163,True,False,0.46875514974906374,1.508703147592036,6.76063398382417,1,1.0613333333333335
111,Oa,Glutarate,Model(BaranyiRoberts),0.3036640382767558,0.031197470634074822,-2129.210973162321,-2151.668992289178,0.9996874643989322,0.9999518904424745,0.056998367087012,1.0881641389238779,3.017976853113643,0.10000002083128415,0.00010000000000087717,0.5319374473685858,True,True,0.3119626232916361,2.237640418195973,17.617176415589302,1,1.1026666666666667
112,Oa,Glycerol,,,,,,,,,,,,,,,,,,,0,0.018333333333333333
113,Oa,Glycine,Model(RichardsLag1),0.012903134077786541,0.006991102049777528,-2592.64606968891,-2610.5258152046413,0.6845740430156001,0.557194660512878,0.048606848254176827,0.17600079114170009,0.11906300397874245,6.8381830387029305,0.028892409760456372,0.0,True,True,0.06731003452862731,11.579927149371596,25.442289149718725,1,0.13133333333333333
114,Oa,Inosine,Model(LogisticLag1),0.0033668462365121455,0.0027262302998700754,-5325.317364206229,-5341.780932708161,7.189202338740807e-05,6.007022848874171e-06,0.05038939249106833,0.28368222412402777,0.1355598254386999,1.0,0.00036183754999985496,0.0,True,True,0.055133020248429344,13.298854409965514,56.42577950996706,1,0.15366666666666667
115,Oa,L-alanine,Model(Richards),1.0139709571905366,0.06128171007400642,-1485.4341901011505,-1499.827877937144,0.9190389011608227,0.6077332473243018,0.00010000000117704744,1.084304681592675,1.5695259427582735,0.11709155325260774,0.0,0.0,False,True,0.4181340122883658,0.6754671338004671,9.216158007226266,1,1.1229999999999998
116,Oa,L-arginine,Model(Richards),0.05470187042532529,0.014851668531401926,-2065.9292432853595,-2079.9829582700195,0.9476260716119448,0.7031930657335298,0.03142089944189408,1.013326795832204,0.05865068093230548,9.99999999739485,0.0,0.0,False,True,0.05868416464326473,11.789150261372477,37.11298315257133,1,0.9345
117,Oa,L-aspartate,Model(Richards),0.5657379885630772,0.041404800942647146,-2078.4801998323346,-2093.6765704501768,0.9460419794840819,0.6683263979038929,0.04579596331467051,2.149953744865349,0.3516869719171574,0.1000000000098899,0.0,0.0,False,True,0.07752487301625807,6.715020576131688,14.416311001015622,1,1.0156666666666667
118,Oa,L-glutamate,Model(LogisticLag2),0.525238535354815,0.04410587159009033,-1657.4355660951903,-1675.4276758901822,0.9999949298065465,0.9999995710522681,0.05167970789395837,0.9797889997326121,0.37937393880525616,1.0,0.00010000000830334699,1.0102786415769682,True,False,0.3089784809244337,2.2965882549215877,11.951577651757319,1,1.0223333333333338
119,Oa,L-glutamine,Model(Richards),0.44244196941594083,0.03125208935764795,-3115.4325868025944,-3131.8961553045265,0.952511945921947,0.6476933392315277,0.041033324709801366,1.0821603975521377,0.05659141791107072,6.41035975647653,0.0,0.0,False,True,0.05661369513288218,12.240990990990987,33.27437614638179,1,1.061
120,Oa,L-histidine,Model(BaranyiRoberts),0.22815448947362638,0.029069169710882657,-1876.9711165756596,-1898.5616483296499,0.9967078999325316,0.9994538895470988,0.06138560314782793,1.1463856206859184,1.6257101654015695,0.1000000006188358,0.0027961193139434126,0.3582037560918334,True,True,0.18762626651387695,3.782615949282615,17.53429524715096,1,1.0983333333333334
121,Oa,L-isoleucine,Model(LogisticLag1),0.02269152964473223,0.007077547380268019,-4460.98646043477,-4477.450028936702,0.9118827001631435,0.5307576431558466,0.04932303233892865,0.21593576997664665,0.07042548421255138,1.0,0.08249472760966081,0.0,True,False,0.025814672306874845,28.788997330663996,29.84854991721815,1,0.1303333333333333
122,Oa,L-lactate,Model(BaranyiRoberts),0.3181832258531301,0.03785839106609258,-1421.1967038894677,-1441.6127681807013,0.9991541479241162,0.9998455766940235,0.05152683357222676,1.072419332517318,3.3426088317666314,0.1000000002190273,0.0001000000001230017,0.706376858063746,True,True,0.3916134236268184,1.8141335780224654,13.58866703747292,1,1.0913333333333335
123,Oa,L-leucine,Model(LogisticLag1),0.125257531452832,0.01662849036890771,-3687.0902488295474,-3703.5538173314794,0.9524469358167132,0.6641391683744221,0.048375641495475685,0.22653451436582084,0.06648571988022317,1.0,0.12024557832759086,0.0,True,False,0.025741081573743916,28.637873985096206,27.71214290498972,1,0.138
124,Oa,Malate,Model(RichardsLag1),0.2119745517498546,0.036862056767979386,-1004.5293489619398,-1019.7786289981875,0.9999867189593238,0.999996739248345,0.04711056782572509,1.2025684920012252,1.9921648549958508,0.14402212018995403,0.00010000000443621815,0.0,True,True,0.5270545370125138,1.3266182849516177,5.920211049991914,1,1.1903333333333335
125,Oa,Mannitol,Model(BaranyiRoberts),0.23558227080658886,0.02280458644502137,-3388.7036519114818,-3413.39900466438,0.9989307515426809,0.999863312354198,0.04135947973275078,1.2598708255084097,0.18650103976497467,4.211017125215402,0.0350322387726032,0.06029260259800906,True,True,0.10603787283419573,6.649427204982757,55.29125240622617,1,1.2446666666666668
126,Oa,Mannose,Model(LogisticLag1),0.1964201646312733,0.02439697973304826,-2427.578946994967,-2442.775317612809,0.547901369599109,0.027963541510449996,0.052584905581100294,1.1468107064151762,0.24747627534641856,1.0,0.001829601710088502,0.0,True,False,0.16038776401004406,4.403292181069958,29.79332293486113,1,1.1159999999999999
127,Oa,Myo-inositol,Model(BaranyiRoberts),0.5341475843538057,0.04352172296737523,-1734.0037866283424,-1755.855229053971,0.9975627501886106,0.9996047188431515,0.05389143941820862,1.076050234673301,2.92266638833695,0.10000000047856544,0.00010000000003462794,0.508654531545538,True,True,0.3049365371980143,2.3046240685129575,18.445362350681904,1,1.0956666666666668
128,Oa,Orotate,,,,,,,,,,,,,,,,,,,0,0.010999999999999989
129,Oa,Phenylalanine,,,,,,,,,,,,,,,,,,,0,0.016666666666666656
130,Oa,Proline,Model(RichardsLag1),0.5111167000654953,0.03935528535085161,-2106.187034566439,-2125.1824978387413,0.5404248229177274,0.1962740562406824,0.04940924959525006,1.426435192700618,0.10842843786743242,2.424347692900614,0.5026498503425019,0.0,True,True,0.09527544559826767,7.320473251028805,24.676413488092876,1,1.4020000000000004
131,Oa,Pyruvate,Model(BaranyiRoberts),0.08921736222986228,0.015549323762068284,-3037.373959538794,-3060.8387394030374,0.985931656115195,0.9979848776314372,0.04740715807356044,0.9691347760047719,0.15949997292087142,5.604092367448877,0.007688260264777647,0.3104938217258053,True,True,0.1564079938894826,4.467260315871425,25.623199917517244,1,0.9700333333333333
132,Oa,Ribose,Model(BaranyiRoberts),0.27173982026353694,0.025807537101284174,-2948.1167712650854,-2972.1843743115105,0.5911535123356865,0.9148518587348891,0.04624335350836395,1.0840640927843024,0.19792965020083308,1.413045659094238,0.04201690273249392,0.09213464037214436,True,True,0.10303204229008836,6.805416527638748,35.93225568731096,1,1.0650000000000002
133,Oa,Sucrose,Model(BaranyiRoberts),0.32180255784040407,0.03756879991921745,-1463.8250274964425,-1484.4011012701692,0.9997135212530296,0.9999484152301481,0.05078244870793802,1.2591956410251586,2.9267624512560113,0.1000000002529797,0.00010000000348386884,0.5954849968765534,True,True,0.35605095071801796,1.9772550328105858,16.273628578223743,1,1.257666666666667
134,Oa,Uridine,,,,,,,,,,,,,,,,,,,0,0.016666666666666663
135,Oa,No CS,,,,,,,,,,,,,,,,,,,0,0.0
